中文SC,英文EN,德 DE,法 FR,荷兰语NL,意大利 IT,西班牙 ES,葡萄牙语PT,俄语RU,波兰语PL,日语,繁体中文TC,韩语,,,,,,,
快速入门指南,Quick Start Guide,Schnellstartanleitung,Guide de démarrage rapide,Snelstartgids,Guida di avvio rapido,Guía de inicio rápido,Guia de início rápido,Краткое руководство,Skrócona instrukcja obsługi,クイックスタートガイド,快速入門指南,빠른 시작 가이드,,,,,,,
,,,,,,,,,,,,,,,,,,,
1.连接电源并完成相框设置,1. Plug in and set up the frame,1. Rahmen anschließen und einrichten,1. Branchez le cadre et terminez la configuration,1. Sluit de fotolijst aan en voltooi de installatie,1. Collega la cornice e completa la configurazione,1. Conecta el marco y completa la configuración,1. Ligue a moldura e configure-a,1. Подключите фоторамку и завершите настройку,1. Podłącz ramkę i zakończ konfigurację,"1. 電源に接続して設定を完了します
",1. 連接電源並完成相框設定,1. 전원을 연결하고 설정을 완료하세요,,,,,,,
"连接电源。
按照屏幕提示完成相框设置。

相框接通电源后会自动开机。","Connect the power adapter.
Follow the on-screen instructions to complete setup.

The frame turns on automatically when plugged in.","Schließen Sie das Netzteil an.
Folgen Sie den Anweisungen auf dem Bildschirm, um die Einrichtung abzuschließen.

Der Rahmen schaltet sich automatisch ein, sobald er angeschlossen wird.","Branchez l’adaptateur secteur.
Suivez les instructions à l’écran pour terminer la configuration.

Le cadre s’allume automatiquement lorsqu’il est branché.","Sluit de stroomadapter aan.
Volg de instructies op het scherm om de installatie te voltooien.

De fotolijst wordt automatisch ingeschakeld zodra deze is aangesloten.","Collega l’alimentatore.
Segui le istruzioni sullo schermo per completare la configurazione.

La cornice si accende automaticamente quando viene collegata.","Conecta el adaptador de corriente.
Sigue las instrucciones en pantalla para completar la configuración.

El marco se enciende automáticamente al conectarlo.","Ligue o adaptador de energia.
Siga as instruções na tela para concluir a configuração.

A moldura liga automaticamente quando é conectada à energia.","Подключите адаптер питания.
Следуйте инструкциям на экране, чтобы завершить настройку.

Фоторамка включится автоматически при подключении к питанию.","Podłącz zasilacz.
Postępuj zgodnie z instrukcjami na ekranie, aby zakończyć konfigurację.

Ramka włączy się automatycznie po podłączeniu do zasilania.","電源アダプターを接続します。
画面の指示に従って設定を完了します。

電源に接続すると、自動的に電源が入ります。","連接電源。
按照螢幕提示完成相框設定。

相框接通電源後會自動開機。","전원 어댑터를 연결하세요.
화면의 안내에 따라 설정을 완료하세요.

전원을 연결하면 자동으로 켜집니다.",,,,,,,
,,,,,,,,,,,,,,,,,,,
2．添加相框,2. Add your frame,2. Rahmen hinzufügen,2. Ajouter votre cadre,2. Uw fotolijst toevoegen,2. Aggiungi la cornice,2. Añadir el marco,2. Adicionar a moldura,2. Добавьте фоторамку,2. Dodaj ramkę,2. フレームを追加する,2．新增相框,2. 프레임 추가하기,,,,,,,
下载并安装Frameo App。,Download and install the Frameo App.,Laden Sie die Frameo App herunter und installieren Sie sie.,Téléchargez et installez l’app Frameo.,Download en installeer de Frameo-app.,Scarica e installa l’app Frameo.,Descarga e instala la app Frameo.,Baixe e instale o app Frameo.,Скачайте и установите приложение Frameo.,Pobierz i zainstaluj aplikację Frameo.,Frameoアプリをダウンロードしてインストールします。,下載並安裝 Frameo App。,Frameo 앱을 다운로드하고 설치하세요.,,,,,,,
"打开 App，登录或创建账户。
使用相框代码添加相框。","Open the app and sign in or create an account.
Add your frame using the frame code.","Öffnen Sie die App und melden Sie sich an oder erstellen Sie ein Konto.
Fügen Sie Ihren Rahmen mit dem Rahmen-Code hinzu.","Ouvrez l’app, connectez-vous ou créez un compte.
Ajoutez votre cadre à l’aide du code du cadre.","Open de app en meld u aan of maak een account aan.
Voeg uw fotolijst toe met de framecode.","Apri l’app ed effettua l’accesso oppure crea un account.
Aggiungi la cornice utilizzando il codice della cornice.","Abre la app, inicia sesión o crea una cuenta.
Añade el marco utilizando el código del marco.","Abra o app, inicie sessão ou crie uma conta.
Adicione a moldura utilizando o código da moldura.","Откройте приложение, войдите в аккаунт или создайте новый.
Добавьте фоторамку с помощью кода рамки.","Otwórz aplikację, zaloguj się lub utwórz konto.
Dodaj ramkę, używając kodu ramki.","アプリを開き、ログインするかアカウントを作成します。
フレームコードを使用してフレームを追加します。","開啟 App，登入或建立帳戶。
使用相框代碼新增相框。","앱을 열고 로그인하거나 계정을 생성하세요.
프레임 코드를 사용해 프레임을 추가하세요.",,,,,,,
3．添加照片与视频到相框,3. Add photos and videos to the frame,3. Fotos und Videos zum Rahmen hinzufügen,3. Ajouter des photos et des vidéos au cadre,3. Foto’s en video’s toevoegen aan de fotolijst,3. Aggiungere foto e video alla cornice,3. Añadir fotos y vídeos al marco,3. Adicionar fotos e vídeos à moldura,3. Добавьте фотографии и видео на фоторамку,3. Dodaj zdjęcia i filmy do ramki,3. 写真と動画をフレームに追加する,3．將照片與影片新增至相框,3. 사진과 동영상을 프레임에 추가하기,,,,,,,
打开 Frameo App，选择照片和视频并发送到相框。,"Open the Frameo App, select photos and videos, and send them to the frame.","Öffnen Sie die Frameo App, wählen Sie Fotos und Videos aus und senden Sie sie an den Rahmen.","Ouvrez l’app Frameo, sélectionnez des photos et des vidéos, puis envoyez-les au cadre.","Open de Frameo-app, selecteer foto’s en video’s en stuur ze naar de fotolijst.","Apri l’app Frameo, seleziona foto e video e inviali alla cornice.","Abre la app Frameo, selecciona fotos y vídeos y envíalos al marco.","Abra o app Frameo, selecione fotos e vídeos e envie-os para a moldura.","Откройте приложение Frameo, выберите фотографии и видео и отправьте их на фоторамку.","Otwórz aplikację Frameo, wybierz zdjęcia i filmy, a następnie wyślij je do ramki.",Frameoアプリを開き、写真と動画を選択してフレームに送信します。,開啟 Frameo App，選擇照片和影片並傳送至相框。,Frameo 앱을 열고 사진과 동영상을 선택한 후 프레임으로 전송하세요.,,,,,,,
4．邀请家人和朋友,4. Invite family and friends,4. Familie und Freunde einladen,4. Inviter la famille et les amis,4. Familie en vrienden uitnodigen,4. Invita familiari e amici,4. Invitar a familiares y amigos,4. Convidar familiares e amigos,4. Пригласите семью и друзей,4. Zaproś rodzinę i znajomych,4. 家族や友人を招待する,4．邀請家人和朋友,4. 가족 및 친구 초대하기,,,,,,,
"在相框上点击“添加好友”图标。
将生成的代码分享给家人和朋友。
他们就可以在 Frameo App 中使用该代码添加相框，然后分享照片和视频了。","Tap the ""Add Friend"" icon on the frame.
Share the code with your family and friends.
They can use the code in the Frameo App to add the frame and share photos and videos.","Tippen Sie auf das Symbol „Freund hinzufügen“ am Rahmen.
Teilen Sie den generierten Code mit Familie und Freunden.
Sie können den Code in der Frameo App verwenden, um den Rahmen hinzuzufügen und anschließend Fotos und Videos zu teilen.","Appuyez sur l’icône « Ajouter un ami » sur le cadre.
Partagez le code généré avec votre famille et vos amis.
Ils peuvent utiliser ce code dans l’app Frameo pour ajouter le cadre, puis partager des photos et des vidéos.","Tik op het pictogram ‘Vriend toevoegen’ op de fotolijst.
Deel de gegenereerde code met familie en vrienden.
Zij kunnen de code in de Frameo-app gebruiken om de fotolijst toe te voegen en vervolgens foto’s en video’s te delen.","Tocca l’icona “Aggiungi amico” sulla cornice.
Condividi il codice generato con familiari e amici.
Possono utilizzare il codice nell’app Frameo per aggiungere la cornice e poi condividere foto e video.","Pulsa el icono “Agregar amigo” en el marco.
Comparte el código generado con familiares y amigos.
Pueden usar el código en la app Frameo para añadir el marco y luego compartir fotos y vídeos.","Toque no ícone “Adicionar amigo” na moldura.
Partilhe o código gerado com familiares e amigos.
Podem usar o código na app Frameo para adicionar a moldura e depois partilhar fotos e vídeos.","Нажмите на значок «Добавить друга» на фоторамке.
Поделитесь сгенерированным кодом с семьёй и друзьями.
Они могут использовать этот код в приложении Frameo, чтобы добавить фоторамку, а затем делиться фотографиями и видео.","Dotknij ikony „Dodaj znajomego” na ramce.
Udostępnij wygenerowany kod rodzinie i znajomym.
Mogą użyć tego kodu w aplikacji Frameo, aby dodać ramkę, a następnie udostępniać zdjęcia i filmy.","フレームの「フレンドの追加」アイコンをタップします。
生成されたコードを家族や友人と共有します。
Frameoアプリでコードを使用してフレームを追加し、その後写真や動画を共有できます。","在相框上點擊「添加好友」圖示。
將產生的代碼分享給家人和朋友。
他們可以在 Frameo App 中使用該代碼新增相框，然後分享照片和影片。","프레임에서 ""친구 추가"" 아이콘을 탭하세요.
생성된 코드를 가족 및 친구와 공유하세요.
해당 코드를 Frameo 앱에서 사용해 프레임을 추가한 후 사진과 동영상을 공유할 수 있습니다.",,,,,,,
,,,,,,,,,,,,,,,,,,,
扫描二维码了解更多使用说明。,Scan the QR code for more instructions.,"Scannen Sie den QR-Code, um weitere Anleitungen zu erhalten.",Scannez le code QR pour plus d’instructions.,Scan de QR-code voor meer instructies.,Scansiona il codice QR per ulteriori istruzioni.,Escanea el código QR para más instrucciones.,Digitalize o código QR para mais instruções.,"Отсканируйте QR-код, чтобы получить дополнительные инструкции.","Zeskanuj kod QR, aby uzyskać więcej instrukcji.",QRコードをスキャンして、さらに詳しい操作方法をご確認ください。,掃描二維碼了解更多使用說明。,QR 코드를 스캔하여 더 많은 사용 방법을 확인하세요.,,,,,,,
,,,,,,,,,,,,,,,,,,,
,,,,,,,,,,,,,,,,,,,
包装内容,In the Box,Lieferumfang,Contenu du coffret,Inhoud verpakking,Contenuto della confezione,Contenido de la caja,Conteúdo da caixa,Комплект поставки,Zawartość opakowania,同梱物,包裝內容,구성품,,,,,,,
"Pexar 相框
相框支架
电源适配器（因地区而异）
快速入门指南","Pexar Frame
Frame stand
Power adapter (varies by region)
Quick start guide","Pexar Bilderrahmen
Ständer
Netzteil (variiert je nach Region)
Schnellstartanleitung","Pexar Cadre photo
Support
Adaptateur secteur (varie selon la région)
Guide de démarrage rapide","Pexar Fotolijst
Standaard
Voedingsadapter (verschilt per regio)
Snelstartgids","Pexar Cornice
Supporto
Alimentatore (varia a seconda della regione)
Guida di avvio rapido","Pexar Marco
Soporte
Adaptador de corriente (varía según la región)
Guía de inicio rápido","Pexar Moldura
Suporte
Adaptador de energia (varia conforme a região)
Guia de início rápido","Pexar Фоторамка
Подставка
Адаптер питания (в зависимости от региона)
Краткое руководство","Pexar Ramka
Podstawka
Zasilacz (zależnie od regionu)
Skrócona instrukcja obsługi","Pexarフォトフレーム
スタンド
電源アダプター（地域によって異なります）
クイックスタートガイド","Pexar 相框
相框支架
電源供應器（因地區而異）
快速入門指南","Pexar 디지털 액자
스탠드
전원 어댑터(지역에 따라 다름)
빠른 시작 가이드",,,,,,,
,,,,,,,,,,,,,,,,,,,
产品概览,Product Overview,Produktübersicht,Présentation du produit,Productoverzicht,Panoramica del prodotto,Descripción general del producto,Visão geral do produto,Обзор продукта,Przegląd produktu,製品概要,產品概覽,제품 개요,,,,,,,
"1. 电源接口
2. 电源按钮
3. 相框支架
4. 支架安装槽
5. 触控屏
6. SD 卡槽 – 支持使用 exFAT/FAT32 格式的 SD 卡传输或播放照片。
7. USB-A接口 – 支持使用 exFAT/FAT32 格式的 U 盘传输或播放照片。
8. USB-C接口 – 仅支持使用 USB-C 线缆从 Windows 电脑传输照片。（传输照片前，请先在相框上启用此功能：设置 → 我的相框 → 图片管理 → 导入 → 从电脑导入。）","1. Power port
2. Power button
3. Frame stand
4. Stand mount slot
5. Touchscreen
6. SD Card Slot – Supports an SD card formatted as exFAT/FAT32 for transferring or playing photos.
7. USB-A Port – Supports a USB flash drive formatted as exFAT/FAT32 for transferring or playing photos.
8. USB-C Port – Only for transferring photos from a Windows PC using a USB-C cable. (Before transferring photos, enable this feature on your frame: Settings → My Frame → Manage Photos → Import → Transfer from computer.)","1. Stromanschluss
2. Ein-/Aus-Taste
3. Ständer
4. Standhalterungsschlitz
5. Touchscreen
6. SD-Kartensteckplatz – Unterstützt SD-Karten im exFAT-/FAT32-Format zur Übertragung oder Wiedergabe von Fotos.
7. USB-A-Anschluss – Unterstützt USB-Sticks im exFAT-/FAT32-Format zur Übertragung oder Wiedergabe von Fotos.
8. USB-C-Anschluss – Nur zur Übertragung von Fotos von einem Windows-PC mit einem USB-C-Kabel. (Aktivieren Sie diese Funktion vor der Fotoübertragung auf Ihrem Rahmen: Einstellungen → Fotos verwalten → Vom Computer übertragen.)","1. Port d’alimentation
2. Bouton d’alimentation
3. Support du cadre
4. Fente de fixation du support
5. Écran tactile
6. Emplacement pour carte SD – Prend en charge les cartes SD au format exFAT/FAT32 pour transférer ou lire des photos.
7. Port USB-A – Prend en charge les clés USB au format exFAT/FAT32 pour transférer ou lire des photos.
8. Port USB-C – Uniquement pour transférer des photos depuis un PC Windows à l’aide d’un câble USB-C. (Avant de transférer des photos, activez cette fonction sur votre cadre : Réglages → Gérer les photos → Transférer depuis un ordinateur.)","1. Voedingspoort
2. Aan/uit-knop
3. Fotolijststandaard
4. Standaardsleuf
5. Touchscreen
6. SD-kaartsleuf – Ondersteunt SD-kaarten in exFAT-/FAT32-formaat voor het overzetten of afspelen van foto’s.
7. USB-A-poort – Ondersteunt USB-sticks in exFAT-/FAT32-formaat voor het overzetten of afspelen van foto’s.
8. USB-C-poort – Alleen voor het overzetten van foto’s vanaf een Windows-pc met een USB-C-kabel. (Schakel deze functie in op uw fotolijst voordat u foto’s overzet: Instellingen → Foto’s beheren → Overzetten vanaf computer.)","1. Porta di alimentazione
2. Pulsante di accensione
3. Supporto della cornice
4. Slot di montaggio del supporto
5. Touchscreen
6. Slot per scheda SD – Supporta schede SD formattate in exFAT/FAT32 per trasferire o riprodurre foto.
7. Porta USB-A – Supporta unità USB formattate in exFAT/FAT32 per trasferire o riprodurre foto.
8. Porta USB-C – Solo per trasferire foto da un PC Windows tramite un cavo USB-C. (Prima di trasferire le foto, attivare questa funzione sulla cornice: Impostazioni → Gestisci foto → Trasferisci da computer.)","1. Puerto de alimentación
2. Botón de encendido
3. Soporte del marco
4. Ranura de montaje del soporte
5. Pantalla táctil
6. Ranura para tarjeta SD – Compatible con tarjetas SD en formato exFAT/FAT32 para transferir o reproducir fotos.
7. Puerto USB-A – Compatible con unidades USB en formato exFAT/FAT32 para transferir o reproducir fotos.
8. Puerto USB-C – Solo para transferir fotos desde un PC con Windows mediante un cable USB-C. (Antes de transferir fotos, active esta función en el marco: Ajustes → Gestionar fotos → Transferir desde el ordenador.)","1. Porta de alimentação
2. Botão de energia
3. Suporte da moldura
4. Ranhura de montagem do suporte
5. Ecrã tátil
6. Ranhura para cartão SD – Suporta cartões SD formatados em exFAT/FAT32 para transferir ou reproduzir fotos.
7. Porta USB-A – Suporta unidades USB formatadas em exFAT/FAT32 para transferir ou reproduzir fotos.
8. Porta USB-C – Apenas para transferir fotos de um PC Windows utilizando um cabo USB-C. (Antes de transferir fotos, ative esta função na moldura: Definições → Gerir fotos → Transferir do computador.)","1. Разъём питания
2. Кнопка питания
3. Подставка фоторамки
4. Слот крепления подставки
5. Сенсорный экран
6. Слот для SD-карты – Поддерживает SD-карты в формате exFAT/FAT32 для передачи или воспроизведения фотографий.
7. Порт USB-A – Поддерживает USB-накопители в формате exFAT/FAT32 для передачи или воспроизведения фотографий.
8. Порт USB-C – Только для передачи фотографий с ПК под управлением Windows с помощью кабеля USB-C. (Перед передачей фотографий включите эту функцию на фоторамке: Настройки → Управление фотографиями → Передача с компьютера.)","1. Port zasilania
2. Przycisk zasilania
3. Podstawka ramki
4. Gniazdo montażowe podstawki
5. Ekran dotykowy
6. Gniazdo karty SD – Obsługuje karty SD sformatowane w systemie exFAT/FAT32 do przesyłania lub odtwarzania zdjęć.
7. Port USB-A – Obsługuje pamięci USB sformatowane w systemie exFAT/FAT32 do przesyłania lub odtwarzania zdjęć.
8. Port USB-C – Służy wyłącznie do przesyłania zdjęć z komputera z systemem Windows za pomocą kabla USB-C. (Przed przesyłaniem zdjęć włącz tę funkcję na ramce: Ustawienia → Zarządzaj zdjęciami → Przesyłanie z komputera.)","1. 電源ポート
2. 電源ボタン
3. フレームスタンド
4. スタンド取付スロット
5. タッチスクリーン
6. SDカードスロット – exFAT/FAT32形式のSDカードを使用して、写真の転送または再生ができます。
7. USB-Aポート – exFAT/FAT32形式のUSBメモリを使用して、写真の転送または再生ができます。
8. USB-Cポート – USB-Cケーブルを使用してWindows PCから写真を転送する場合にのみ使用します。（写真を転送する前に、フレームでこの機能を有効にしてください：設定 → 写真を管理 → コンピュータから転送。）","1. 電源接口
2. 電源按鈕
3. 相框支架
4. 支架安裝槽
5. 觸控螢幕
6. SD 卡槽 – 支援使用 exFAT/FAT32 格式的 SD 卡傳輸或播放照片。
7. USB-A接口 – 支援使用 exFAT/FAT32 格式的 USB 隨身碟傳輸或播放照片。
8. USB-C接口 – 僅支援使用 USB-C 線材從 Windows 電腦傳輸照片。（傳輸照片前，請先在相框上啟用此功能：設定 → 管理照片 → 從電腦傳輸。）","1. 전원 포트
2. 전원 버튼
3. 스탠드
4. 스탠드 장착 슬롯
5. 터치스크린
6. SD 카드 슬롯 – exFAT/FAT32 형식의 SD 카드를 사용해 사진을 전송하거나 재생할 수 있습니다.
7. USB-A 포트 – exFAT/FAT32 형식의 USB 드라이브를 사용해 사진을 전송하거나 재생할 수 있습니다.
8. USB-C 포트 – USB-C 케이블을 사용해 Windows PC에서 사진을 전송할 때만 사용합니다. (사진 전송 전, 프레임에서 이 기능을 먼저 활성화하세요: 설정 → 사진 관리 → 컴퓨터에서 전송.)",,,,,,,
,,,,,,,,,,,,,,,,,,,
,,,,,,,,,,,,,,,,,,,
常见问题,Frequently Asked Questions,Häufig gestellte Fragen,Questions fréquentes,Veelgestelde vragen,Domande frequenti,Preguntas frecuentes,Perguntas frequentes,Часто задаваемые вопросы,Najczęściej zadawane pytania,よくある質問,常見問題,자주 묻는 질문,,,,,,,
1、如何一次发送多张照片？,1. How do I send multiple photos at a time?,1. Wie kann ich mehrere Fotos gleichzeitig senden?,1. Comment envoyer plusieurs photos à la fois ?,1. Hoe kan ik meerdere foto’s tegelijk verzenden?,1. Come posso inviare più foto contemporaneamente?,1. ¿Cómo puedo enviar varias fotos a la vez?,1. Como posso enviar várias fotos de uma só vez?,1. Как отправить несколько фотографий одновременно?,1. Jak mogę przesłać wiele zdjęć jednocześnie?,1. 複数の写真を一度に送信するにはどうすればよいですか？,1、如何一次傳送多張照片？,1. 여러 장의 사진을 한 번에 보내려면 어떻게 하나요?,,,,,,,
"通过 Frameo App，一次最多可发送 10 张照片。
有两种选择方式：
长按选择：在 Frameo App 中长按一张照片，照片上会出现勾选标记。点击其他照片即可进行多选。
多选按钮：点击相机图标上方的按钮后，所有照片上都会出现勾选标记，可选择要发送的照片。

如需一次传输超过 10 张照片，可使用 SD 卡、USB-A 存储盘，或通过 USB 线将Pexar 相框连接到 Windows 电脑进行导入。（传输照片前，请先在相框上启用此功能：设置 → 管理照片 → 从电脑传输。）","

You can send up to 10 photos at a time from the Frameo App.
There are two ways to select multiple photos:
Tap and hold: Tap and hold a photo in the Frameo App, and checkmarks will appear. Tap the photos you want to send.
Multi-select button: Tap the button above the camera icon, and checkmarks will appear on all photos for multiple selection.

To transfer more than 10 photos at a time, you can import photos using an SD card, USB-A drive, or by connecting your Pexar frame to a Windows PC with a USB cable. (Before transferring photos, enable this feature on your frame: Settings → Manage photos → Transfer from computer.)","Mit der Frameo App können bis zu 10 Fotos gleichzeitig gesendet werden.
Es gibt zwei Möglichkeiten, mehrere Fotos auszuwählen:
Gedrückt halten: Halten Sie ein Foto in der Frameo App gedrückt. Ein Häkchen erscheint auf dem Foto. Tippen Sie auf weitere Fotos, um mehrere auszuwählen.
Mehrfachauswahl: Tippen Sie auf die Schaltfläche über dem Kamerasymbol. Auf allen Fotos erscheinen Häkchen, sodass mehrere Fotos ausgewählt werden können.

Wenn Sie mehr als 10 Fotos gleichzeitig übertragen möchten, können Sie Fotos über eine SD-Karte, einen USB-A-Stick oder durch Verbinden Ihres Pexar Rahmens mit einem Windows-PC per USB-Kabel importieren. (Aktivieren Sie diese Funktion vor der Fotoübertragung auf Ihrem Rahmen: Einstellungen → Fotos verwalten → Vom Computer übertragen.)","Avec l’app Frameo, il est possible d’envoyer jusqu’à 10 photos à la fois.
Il existe deux façons de sélectionner plusieurs photos :
Appui long : Appuyez longuement sur une photo dans l’app Frameo. Une coche apparaîtra sur la photo. Touchez d’autres photos pour effectuer une sélection multiple.
Bouton de sélection multiple : Touchez le bouton situé au-dessus de l’icône de l’appareil photo. Des coches apparaîtront sur toutes les photos pour permettre une sélection multiple.

Pour transférer plus de 10 photos à la fois, vous pouvez importer des photos à l’aide d’une carte SD, d’une clé USB-A ou en connectant votre cadre Pexar à un PC Windows avec un câble USB. (Avant de transférer des photos, activez cette fonction sur votre cadre : Réglages → Gérer les photos → Transférer depuis un ordinateur.)","Met de Frameo-app kunnen maximaal 10 foto’s tegelijk worden verzonden.
Er zijn twee manieren om meerdere foto’s te selecteren:
Ingedrukt houden: Houd een foto in de Frameo-app ingedrukt. Er verschijnt een vinkje op de foto. Tik op andere foto’s om meerdere foto’s te selecteren.
Meervoudige selectie: Tik op de knop boven het camera-icoon. Er verschijnen vinkjes op alle foto’s voor meervoudige selectie.

Om meer dan 10 foto’s tegelijk over te zetten, kunt u foto’s importeren met een SD-kaart, USB-A-stick of door uw Pexar-fotolijst met een USB-kabel op een Windows-pc aan te sluiten. (Schakel deze functie in op uw fotolijst voordat u foto’s overzet: Instellingen → Foto’s beheren → Overzetten vanaf computer.)","Con l’app Frameo è possibile inviare fino a 10 foto alla volta.
Esistono due modi per selezionare più foto:
Tieni premuto: Tieni premuta una foto nell’app Frameo. Sulla foto apparirà un segno di spunta. Tocca altre foto per selezionarle.
Pulsante di selezione multipla: Tocca il pulsante sopra l’icona della fotocamera. Su tutte le foto appariranno i segni di spunta per la selezione multipla.

Per trasferire più di 10 foto alla volta, puoi importare le foto utilizzando una scheda SD, un’unità USB-A oppure collegando la tua cornice Pexar a un PC Windows con un cavo USB. (Prima di trasferire le foto, attiva questa funzione sulla cornice: Impostazioni → Gestisci foto → Trasferisci da computer.)","Con la app Frameo, puedes enviar hasta 10 fotos a la vez.
Hay dos formas de seleccionar varias fotos:
Mantener pulsado: Mantén pulsada una foto en la app Frameo. Aparecerá una marca de verificación en la foto. Toca otras fotos para seleccionarlas.
Botón de selección múltiple: Toca el botón situado encima del icono de la cámara. Aparecerán marcas de verificación en todas las fotos para la selección múltiple.

Para transferir más de 10 fotos a la vez, puedes importar fotos mediante una tarjeta SD, una unidad USB-A o conectando tu marco Pexar a un PC con Windows mediante un cable USB. (Antes de transferir fotos, activa esta función en el marco: Ajustes → Gestionar fotos → Transferir desde el ordenador.)","Com a app Frameo, pode enviar até 10 fotos de cada vez.
Existem duas formas de selecionar várias fotos:
Toque e mantenha pressionado: Toque e mantenha pressionada uma foto na app Frameo. Aparecerá uma marca de verificação na foto. Toque noutras fotos para as selecionar.
Botão de seleção múltipla: Toque no botão acima do ícone da câmara. As marcas de verificação aparecerão em todas as fotos para seleção múltipla.

Para transferir mais de 10 fotos de cada vez, pode importar fotos utilizando um cartão SD, uma unidade USB-A ou ligando a sua moldura Pexar a um PC Windows com um cabo USB. (Antes de transferir fotos, ative esta função na moldura: Definições → Gerir fotos → Transferir do computador.)","В приложении Frameo можно отправить до 10 фотографий за один раз.
Есть два способа выбрать несколько фотографий:
Нажмите и удерживайте: Нажмите и удерживайте фотографию в приложении Frameo. На фотографии появится галочка. Нажмите на другие фотографии, чтобы выбрать их.
Кнопка множественного выбора: Нажмите кнопку над значком камеры. Галочки появятся на всех фотографиях для множественного выбора.

Чтобы передать более 10 фотографий за один раз, вы можете импортировать фотографии с помощью SD-карты, USB-A-накопителя или подключив вашу фоторамку Pexar к ПК с Windows с помощью USB-кабеля. (Перед передачей фотографий включите эту функцию на фоторамке: Настройки → Управление фотографиями → Передача с компьютера.)","W aplikacji Frameo można przesłać do 10 zdjęć jednocześnie.
Istnieją dwa sposoby wyboru wielu zdjęć:
Dotknij i przytrzymaj: Dotknij i przytrzymaj zdjęcie w aplikacji Frameo. Na zdjęciu pojawi się znacznik wyboru. Dotknij innych zdjęć, aby je wybrać.
Przycisk wielokrotnego wyboru: Dotknij przycisku nad ikoną aparatu. Znaczniki wyboru pojawią się na wszystkich zdjęciach, umożliwiając wielokrotny wybór.

Aby przesłać więcej niż 10 zdjęć jednocześnie, możesz importować zdjęcia za pomocą karty SD, pamięci USB-A lub podłączając swoją ramkę Pexar do komputera z systemem Windows za pomocą kabla USB. (Przed przesyłaniem zdjęć włącz tę funkcję na ramce: Ustawienia → Zarządzaj zdjęciami → Przesyłanie z komputera.)","Frameoアプリでは、一度に最大10枚の写真を送信できます。
複数の写真を選択する方法は2つあります。
長押しで選択：Frameoアプリで写真を長押しすると、写真にチェックマークが表示されます。送信したい写真をタップして選択してください。
複数選択ボタン：カメラアイコンの上にあるボタンをタップすると、すべての写真にチェックマークが表示され、複数選択できます。

一度に10枚以上の写真を転送する場合は、SDカード、USB-Aメモリ、またはUSBケーブルでPexarフレームをWindows PCに接続して写真をインポートできます。（写真を転送する前に、フレームでこの機能を有効にしてください：設定 → 写真を管理 → コンピュータから転送。）","透過 Frameo App，一次最多可傳送 10 張照片。
有兩種選擇方式：
長按選擇：在 Frameo App 中長按一張照片，照片上會出現勾選標記。點擊其他照片即可進行多選。
多選按鈕：點擊相機圖示上方的按鈕後，所有照片上都會出現勾選標記，可選擇要傳送的照片。

如需一次傳輸超過 10 張照片，可使用 SD 卡、USB-A 儲存裝置，或透過 USB 線將Pexar 相框連接到 Windows 電腦進行匯入。（傳輸照片前，請先在相框上啟用此功能：設定 → 管理照片 → 從電腦傳輸。）","Frameo 앱에서는 한 번에 최대 10장의 사진을 보낼 수 있습니다.
여러 장의 사진을 선택하는 방법은 두 가지가 있습니다.
길게 눌러 선택: Frameo 앱에서 사진을 길게 누르면 사진에 체크 표시가 나타납니다. 전송할 사진을 눌러 선택하세요.
다중 선택 버튼: 카메라 아이콘 위에 있는 버튼을 누르면 모든 사진에 체크 표시가 나타나 여러 장을 선택할 수 있습니다.

한 번에 10장 이상의 사진을 전송하려면 SD 카드, USB-A 드라이브를 사용하거나 USB 케이블로 Pexar 프레임을 Windows PC에 연결해 사진을 가져올 수 있습니다. (사진 전송 전, 프레임에서 이 기능을 먼저 활성화하세요: 설정 → 사진 관리 → 컴퓨터에서 전송.)",,,,,,,
,,,,,,,,,,,,,,,,,,,
2、如何一次发送超过 10 张照片？,2. How do I send more than 10 photos at a time?,2. Wie kann ich mehr als 10 Fotos gleichzeitig senden?,2. Comment envoyer plus de 10 photos à la fois ?,2. Hoe kan ik meer dan 10 foto’s tegelijk verzenden?,2. Come posso inviare più di 10 foto contemporaneamente?,2. ¿Cómo puedo enviar más de 10 fotos a la vez?,2. Como posso enviar mais de 10 fotos de uma só vez?,2. Как отправить более 10 фотографий одновременно?,2. Jak mogę przesłać więcej niż 10 zdjęć jednocześnie?,2. 10枚以上の写真を一度に送信するにはどうすればよいですか？,2、如何一次傳送超過 10 張照片？,2. 한 번에 10장 이상의 사진을 보내려면 어떻게 하나요?,,,,,,,
"如需一次传输超过 10 张照片，可使用 SD 卡或 U 盘（USB-A 接口）导入照片，或通过 USB 线从电脑传输照片。

兼容性
支持 SD 卡和 U 盘（USB-A 接口）

格式要求
SD 卡或 U 盘需为 FAT32 或 exFAT 格式。

从 SD 卡或 U 盘导入照片：
1、打开相框上的“设置”。
2、进入“管理照片”菜单。
3、点击“导入照片”。
4、点击选择要导入的照片。
·注意：可使用右上角的方形图标一次选择或取消选择所有照片。
5、照片选好后，点击右上角的“导入”图标（该图标为向下箭头）。
相框将开始导入所选照片。

通过 USB 线传输照片：
1、使用 USB 线将相框连接到电脑。
2、在相框上，进入“设置”→“管理照片”→“从电脑传输”。
3、启用该功能后，电脑将检测到相框，在文件资源管理器的“此电脑”中通常可以找到相框。
4、开始将照片从电脑复制到相框的 DCIM 文件夹。

请在所有照片传输完成前不要断开 USB 线。

注意：通过 USB 线传输目前仅支持 Windows 和 Linux 电脑。","To transfer more than 10 photos at a time, you can import photos using an SD card or a USB flash drive (USB-A), or transfer photos from your computer with a USB cable.

Compatibility
Supports SD cards and USB flash drives (USB-A).

Format
SD cards and USB flash drives must be formatted as FAT32 or exFAT.

Import photos from an SD card or USB flash drive:
1. Open Settings on your frame.
2. Tap ""Manage photos"".
3. Tap ""Import photos"".
4. Tap the photos you want to import.
• Note: Use the square icon in the top right corner to select or deselect all photos at once.
5. Once the photos are selected, tap the ""Import"" icon in the top right corner (the icon is a downward arrow).
The frame will begin importing the selected photos.

Transfer photos with a USB cable:
1. Connect your frame to your computer with a USB cable.
2. On your frame, go to Settings → Manage photos → Transfer from computer.
3. Turn this feature on, and your computer will detect the frame.
The frame can usually be found under This PC in File Explorer.
4. Start copying photos from your computer to the frame’s DCIM folder.

Do not disconnect the USB cable until all photos have been transferred.

Please note that photo transfer via USB cable is currently only supported on Windows and Linux.","Wenn Sie mehr als 10 Fotos gleichzeitig übertragen möchten, können Sie Fotos über eine SD-Karte oder einen USB-A-Stick importieren oder Fotos per USB-Kabel von Ihrem Computer übertragen.

Kompatibilität
Unterstützt SD-Karten und USB-A-Sticks.

Format
SD-Karten und USB-A-Sticks müssen im FAT32- oder exFAT-Format formatiert sein.

Fotos von einer SD-Karte oder einem USB-A-Stick importieren:
1. Öffnen Sie die Einstellungen auf Ihrem Rahmen.
2. Tippen Sie auf „Fotos verwalten“.
3. Tippen Sie auf „Fotos importieren“.
4. Tippen Sie auf die Fotos, die Sie importieren möchten.
• Hinweis: Verwenden Sie das quadratische Symbol oben rechts, um alle Fotos auf einmal auszuwählen oder die Auswahl aufzuheben.
5. Sobald die Fotos ausgewählt wurden, tippen Sie oben rechts auf das Symbol „Importieren“ (das Symbol ist ein nach unten gerichteter Pfeil).
Der Rahmen beginnt nun mit dem Import der ausgewählten Fotos.

Fotos per USB-Kabel übertragen:
1. Verbinden Sie Ihren Rahmen mit einem USB-Kabel mit Ihrem Computer.
2. Gehen Sie auf Ihrem Rahmen zu Einstellungen → Fotos verwalten → Vom Computer übertragen.
3. Aktivieren Sie diese Funktion, und Ihr Computer erkennt den Rahmen.
Der Rahmen ist normalerweise unter „Dieser PC“ im Datei-Explorer zu finden.
4. Kopieren Sie die Fotos von Ihrem Computer in den DCIM-Ordner des Rahmens.

Trennen Sie das USB-Kabel nicht, bevor alle Fotos vollständig übertragen wurden.

Hinweis: Die Fotoübertragung per USB-Kabel wird derzeit nur unter Windows und Linux unterstützt.","Pour transférer plus de 10 photos à la fois, vous pouvez importer des photos à l’aide d’une carte SD ou d’une clé USB-A, ou transférer des photos depuis votre ordinateur avec un câble USB.

Compatibilité
Prend en charge les cartes SD et les clés USB-A.

Format
Les cartes SD et les clés USB-A doivent être formatées en FAT32 ou exFAT.

Importer des photos depuis une carte SD ou une clé USB-A :
1. Ouvrez les Réglages sur votre cadre.
2. Touchez « Gérer les photos ».
3. Touchez « Importer des photos ».
4. Touchez les photos que vous souhaitez importer.
• Remarque : Utilisez l’icône carrée située en haut à droite pour sélectionner ou désélectionner toutes les photos en une seule fois.
5. Une fois les photos sélectionnées, touchez l’icône « Importer » en haut à droite (l’icône est une flèche pointant vers le bas).
Le cadre commencera à importer les photos sélectionnées.

Transférer des photos avec un câble USB :
1. Connectez votre cadre à votre ordinateur avec un câble USB.
2. Sur votre cadre, accédez à Réglages → Gérer les photos → Transférer depuis un ordinateur.
3. Activez cette fonction, et votre ordinateur détectera le cadre.
Le cadre peut généralement être trouvé sous « Ce PC » dans l’Explorateur de fichiers.
4. Commencez à copier les photos depuis votre ordinateur vers le dossier DCIM du cadre.

Ne déconnectez pas le câble USB tant que toutes les photos n’ont pas été transférées.

Remarque : Le transfert de photos par câble USB est actuellement uniquement pris en charge sous Windows et Linux.","Om meer dan 10 foto’s tegelijk over te zetten, kunt u foto’s importeren met een SD-kaart of USB-A-stick, of foto’s vanaf uw computer overzetten met een USB-kabel.

Compatibiliteit
Ondersteunt SD-kaarten en USB-A-sticks.

Formaat
SD-kaarten en USB-A-sticks moeten zijn geformatteerd als FAT32 of exFAT.

Foto’s importeren vanaf een SD-kaart of USB-A-stick:
1. Open Instellingen op uw fotolijst.
2. Tik op ""Foto’s beheren"".
3. Tik op ""Foto’s importeren"".
4. Tik op de foto’s die u wilt importeren.
• Opmerking: Gebruik het vierkante pictogram rechtsboven om alle foto’s in één keer te selecteren of de selectie ongedaan te maken.
5. Zodra de foto’s zijn geselecteerd, tikt u op het pictogram ""Importeren"" rechtsboven (het pictogram is een pijl die naar beneden wijst).
De fotolijst begint met het importeren van de geselecteerde foto’s.

Foto’s overzetten met een USB-kabel:
1. Verbind uw fotolijst met uw computer via een USB-kabel.
2. Ga op uw fotolijst naar Instellingen → Foto’s beheren → Overzetten vanaf computer.
3. Schakel deze functie in, en uw computer zal de fotolijst detecteren.
De fotolijst is meestal te vinden onder ""Deze pc"" in Verkenner.
4. Begin met het kopiëren van foto’s van uw computer naar de DCIM-map van de fotolijst.

Koppel de USB-kabel niet los totdat alle foto’s volledig zijn overgezet.

Opmerking: Foto-overdracht via een USB-kabel wordt momenteel alleen ondersteund op Windows en Linux.","Per trasferire più di 10 foto alla volta, puoi importare foto utilizzando una scheda SD o un’unità USB-A, oppure trasferire foto dal computer con un cavo USB.

Compatibilità
Supporta schede SD e unità USB-A.

Formato
Le schede SD e le unità USB-A devono essere formattate in FAT32 o exFAT.

Importare foto da una scheda SD o unità USB-A:
1. Apri Impostazioni sulla cornice.
2. Tocca ""Gestisci foto"".
3. Tocca ""Importa foto"".
4. Tocca le foto che desideri importare.
• Nota: Usa l’icona quadrata in alto a destra per selezionare o deselezionare tutte le foto in una sola volta.
5. Una volta selezionate le foto, tocca l’icona ""Importa"" in alto a destra (l’icona è una freccia rivolta verso il basso).
La cornice inizierà a importare le foto selezionate.

Trasferire foto con un cavo USB:
1. Collega la cornice al computer con un cavo USB.
2. Sulla cornice, vai su Impostazioni → Gestisci foto → Trasferisci da computer.
3. Attiva questa funzione e il computer rileverà la cornice.
La cornice si trova normalmente in Questo PC in Esplora file.
4. Inizia a copiare le foto dal computer alla cartella DCIM della cornice.

Non scollegare il cavo USB finché tutte le foto non sono state trasferite.

Nota: Il trasferimento di foto tramite cavo USB è attualmente supportato solo su Windows e Linux.","Para transferir más de 10 fotos a la vez, puedes importar fotos mediante una tarjeta SD o una unidad USB-A, o transferir fotos desde tu ordenador con un cable USB.

Compatibilidad
Compatible con tarjetas SD y unidades USB-A.

Formato
Las tarjetas SD y las unidades USB-A deben estar formateadas en FAT32 o exFAT.

Importar fotos desde una tarjeta SD o unidad USB-A:
1. Abre Ajustes en el marco.
2. Toca ""Gestionar fotos"".
3. Toca ""Importar fotos"".
4. Toca las fotos que deseas importar.
• Nota: Usa el icono cuadrado en la esquina superior derecha para seleccionar o deseleccionar todas las fotos a la vez.
5. Una vez seleccionadas las fotos, toca el icono ""Importar"" en la esquina superior derecha (el icono es una flecha hacia abajo).
El marco comenzará a importar las fotos seleccionadas.

Transferir fotos con un cable USB:
1. Conecta el marco al ordenador con un cable USB.
2. En el marco, ve a Ajustes → Gestionar fotos → Transferir desde el ordenador.
3. Activa esta función y el ordenador detectará el marco.
Normalmente, el marco se puede encontrar en ""Este equipo"" en el Explorador de archivos.
4. Empieza a copiar fotos desde el ordenador a la carpeta DCIM del marco.

No desconectes el cable USB hasta que todas las fotos se hayan transferido.

Nota: Actualmente, la transferencia de fotos mediante cable USB solo es compatible con Windows y Linux.","Para transferir mais de 10 fotos de cada vez, pode importar fotos utilizando um cartão SD ou uma unidade USB-A, ou transferir fotos do computador com um cabo USB.

Compatibilidade
Suporta cartões SD e unidades USB-A.

Formato
Os cartões SD e as unidades USB-A devem estar formatados em FAT32 ou exFAT.

Importar fotos de um cartão SD ou unidade USB-A:
1. Abra Definições na moldura.
2. Toque em ""Gerir fotos"".
3. Toque em ""Importar fotos"".
4. Toque nas fotos que pretende importar.
• Nota: Utilize o ícone quadrado no canto superior direito para selecionar ou desmarcar todas as fotos de uma só vez.
5. Depois de selecionar as fotos, toque no ícone ""Importar"" no canto superior direito (o ícone é uma seta para baixo).
A moldura começará a importar as fotos selecionadas.

Transferir fotos com um cabo USB:
1. Ligue a moldura ao computador com um cabo USB.
2. Na moldura, vá a Definições → Gerir fotos → Transferir do computador.
3. Ative esta função e o computador irá detetar a moldura.
Normalmente, a moldura pode ser encontrada em ""Este PC"" no Explorador de Ficheiros.
4. Comece a copiar as fotos do computador para a pasta DCIM da moldura.

Não desligue o cabo USB até que todas as fotos tenham sido transferidas.

Nota: A transferência de fotos por cabo USB é atualmente suportada apenas em Windows e Linux.","Чтобы передать более 10 фотографий за один раз, вы можете импортировать фотографии с помощью SD-карты или USB-A-накопителя либо передавать фотографии с компьютера с помощью USB-кабеля.

Совместимость
Поддерживает SD-карты и USB-A-накопители.

Формат
SD-карты и USB-A-накопители должны быть отформатированы в FAT32 или exFAT.

Импорт фотографий с SD-карты или USB-A-накопителя:
1. Откройте «Настройки» на фоторамке.
2. Нажмите «Управление фотографиями».
3. Нажмите «Импорт фотографий».
4. Нажмите на фотографии, которые хотите импортировать.
• Примечание: Используйте квадратный значок в правом верхнем углу, чтобы выбрать или отменить выбор всех фотографий сразу.
5. После выбора фотографий нажмите значок «Импорт» в правом верхнем углу (значок представляет собой стрелку вниз).
Фоторамка начнёт импортировать выбранные фотографии.

Передача фотографий с помощью USB-кабеля:
1. Подключите фоторамку к компьютеру с помощью USB-кабеля.
2. На фоторамке перейдите в Настройки → Управление фотографиями → Передача с компьютера.
3. Включите эту функцию, и компьютер обнаружит фоторамку.
Обычно фоторамку можно найти в разделе «Этот компьютер» в Проводнике.
4. Начните копировать фотографии с компьютера в папку DCIM фоторамки.

Не отключайте USB-кабель, пока все фотографии не будут полностью переданы.

Примечание: Передача фотографий по USB-кабелю в настоящее время поддерживается только в Windows и Linux.","Aby przesłać więcej niż 10 zdjęć jednocześnie, możesz importować zdjęcia za pomocą karty SD lub pamięci USB-A albo przesyłać zdjęcia z komputera za pomocą kabla USB.

Kompatybilność
Obsługuje karty SD i pamięci USB-A.

Format
Karty SD i pamięci USB-A muszą być sformatowane w systemie FAT32 lub exFAT.

Importowanie zdjęć z karty SD lub pamięci USB-A:
1. Otwórz „Ustawienia” na ramce.
2. Dotknij „Zarządzaj zdjęciami”.
3. Dotknij „Importuj zdjęcia”.
4. Dotknij zdjęć, które chcesz zaimportować.
• Uwaga: Użyj kwadratowej ikony w prawym górnym rogu, aby zaznaczyć lub odznaczyć wszystkie zdjęcia jednocześnie.
5. Po wybraniu zdjęć dotknij ikony „Importuj” w prawym górnym rogu (ikona to strzałka skierowana w dół).
Ramka rozpocznie import wybranych zdjęć.

Przesyłanie zdjęć za pomocą kabla USB:
1. Podłącz ramkę do komputera za pomocą kabla USB.
2. Na ramce przejdź do Ustawienia → Zarządzaj zdjęciami → Przesyłanie z komputera.
3. Włącz tę funkcję, a komputer wykryje ramkę.
Ramkę można zwykle znaleźć w sekcji „Ten komputer” w Eksploratorze plików.
4. Rozpocznij kopiowanie zdjęć z komputera do folderu DCIM ramki.

Nie odłączaj kabla USB, dopóki wszystkie zdjęcia nie zostaną całkowicie przesłane.

Uwaga: Przesyłanie zdjęć przez kabel USB jest obecnie obsługiwane tylko w systemach Windows i Linux.","一度に10枚以上の写真を転送する場合は、SDカードまたはUSB-Aメモリを使用して写真をインポートするか、USBケーブルを使用してコンピュータから写真を転送できます。

互換性
SDカードおよびUSB-Aメモリに対応しています。

フォーマット
SDカードおよびUSB-Aメモリは、FAT32またはexFAT形式でフォーマットされている必要があります。

SDカードまたはUSB-Aメモリから写真をインポートする：
1. フレームの「設定」を開きます。
2. 「写真を管理」をタップします。
3. 「写真をインポート」をタップします。
4. インポートしたい写真をタップして選択します。
• 注意：右上の四角いアイコンを使用すると、すべての写真を一度に選択または選択解除できます。
5. 写真を選択したら、右上の「インポート」アイコン（下向きの矢印）をタップします。
フレームは選択した写真のインポートを開始します。

USBケーブルで写真を転送する：
1. USBケーブルでフレームをコンピュータに接続します。
2. フレームで「設定」→「写真を管理」→「コンピュータから転送」を開きます。
3. この機能を有効にすると、コンピュータがフレームを検出します。
通常、フレームはファイルエクスプローラーの「PC」に表示されます。
4. コンピュータからフレームのDCIMフォルダへ写真をコピーします。

すべての写真の転送が完了するまで、USBケーブルを取り外さないでください。

注意：USBケーブルによる写真転送は、現在WindowsおよびLinuxでのみサポートされています。","如需一次傳輸超過 10 張照片，可使用 SD 卡或 USB 隨身碟（USB-A 接口）匯入照片，或透過 USB 線從電腦傳輸照片。

相容性
支援 SD 卡和 USB 隨身碟（USB-A 接口）

格式要求
SD 卡或 USB 隨身碟需為 FAT32 或 exFAT 格式。

從 SD 卡或 USB 隨身碟匯入照片：
1、打開相框上的「設定」。
2、進入「管理照片」選單。
3、點擊「匯入照片」。
4、點擊選擇要匯入的照片。
·注意：可使用右上角的方形圖示一次選擇或取消選擇所有照片。
5、照片選好後，點擊右上角的「匯入」圖示（該圖示為向下箭頭）。
相框將開始匯入所選照片。

透過 USB 線傳輸照片：
1、使用 USB 線將相框連接到電腦。
2、在相框上，進入「設定」→「管理照片」→「從電腦傳輸」。
3、啟用該功能後，電腦將偵測到相框。
通常可在「本機」中找到相框。
4、開始將照片從電腦複製到相框的 DCIM 資料夾。

請在所有照片傳輸完成前不要拔除 USB 線。

注意：透過 USB 線傳輸目前僅支援 Windows 和 Linux 電腦。","한 번에 10장 이상의 사진을 전송하려면 SD 카드 또는 USB-A 드라이브를 사용해 사진을 가져오거나, USB 케이블을 사용해 컴퓨터에서 사진을 전송할 수 있습니다.

호환성
SD 카드 및 USB-A 드라이브를 지원합니다.

포맷
SD 카드 및 USB-A 드라이브는 FAT32 또는 exFAT 형식이어야 합니다.

SD 카드 또는 USB-A 드라이브에서 사진 가져오기:
1. 프레임에서 ""설정""을 엽니다.
2. ""사진 관리""를 누릅니다.
3. ""사진 가져오기""를 누릅니다.
4. 가져올 사진을 눌러 선택합니다.
• 참고: 오른쪽 상단의 사각형 아이콘을 사용하면 모든 사진을 한 번에 선택하거나 선택 해제할 수 있습니다.
5. 사진 선택이 완료되면 오른쪽 상단의 ""가져오기"" 아이콘(아래쪽 화살표)을 누릅니다.
프레임이 선택한 사진 가져오기를 시작합니다.

USB 케이블로 사진 전송:
1. USB 케이블로 프레임을 컴퓨터에 연결합니다.
2. 프레임에서 설정 → 사진 관리 → 컴퓨터에서 전송으로 이동합니다.
3. 이 기능을 활성화하면 컴퓨터가 프레임을 감지합니다.
일반적으로 파일 탐색기의 ""내 PC""에서 프레임을 찾을 수 있습니다.
4. 컴퓨터에서 프레임의 DCIM 폴더로 사진 복사를 시작합니다.

모든 사진 전송이 완료되기 전에는 USB 케이블을 분리하지 마세요.

참고: USB 케이블을 통한 사진 전송은 현재 Windows 및 Linux에서만 지원됩니다.",,,,,,,
,,,,,,,,,,,,,,,,,,,
3、如果相框无法连接 Wi-Fi，请尝试以下方法。,"3. If your frame cannot connect to Wi-Fi, try the following:","3. Wenn Ihr Rahmen keine Verbindung mit Wi-Fi herstellen kann, versuchen Sie bitte Folgendes:","3. Si votre cadre ne peut pas se connecter au Wi-Fi, essayez les étapes suivantes :","3. Als uw fotolijst geen verbinding kan maken met Wi-Fi, probeer dan het volgende:","3. Se la cornice non riesce a connettersi al Wi-Fi, prova quanto segue:","3. Si el marco no puede conectarse a Wi-Fi, prueba lo siguiente:","3. Se a moldura não conseguir conectar-se ao Wi-Fi, experimente o seguinte:","3. Если фоторамка не может подключиться к Wi-Fi, попробуйте следующее:","3. Jeśli ramka nie może połączyć się z Wi-Fi, spróbuj wykonać poniższe czynności:",3. フレームが Wi-Fi に接続できない場合は、以下をお試しください。,3、如果相框無法連接 Wi-Fi，請嘗試以下方法。,"3. 프레임이 Wi-Fi에 연결되지 않을 경우, 다음 방법을 시도해보세요.",,,,,,,
"1、将相框移动到 Wi-Fi 信号更强的位置。
2、重置 Wi-Fi。
 - 进入“设置”→“Wi-Fi”
 - 点击右上角的三点图标
 - 选择“重置 Wi-Fi”
3、重新启动所有网络设备（例如调制解调器、路由器、无线接入点）以及相框，并等待 10 分钟。","1. Move the frame to a location with a stronger Wi-Fi signal.
2. Reset Wi-Fi.
- Go to Settings → Wi-Fi.
- Tap the three-dot icon in the top right corner.
- Select ""Reset Wi-Fi"".
3. Restart all network equipment (such as your modem, router, and access points) as well as the frame, then wait 10 minutes.","1. Stellen Sie den Rahmen an einen Ort mit stärkerem Wi-Fi-Signal.
2. Wi-Fi zurücksetzen.
- Gehen Sie zu Einstellungen → Wi-Fi.
- Tippen Sie oben rechts auf das Symbol mit den drei Punkten.
- Wählen Sie „Wi-Fi zurücksetzen“.
3. Starten Sie alle Netzwerkgeräte (z. B. Modem, Router und Access Points) sowie den Rahmen neu und warten Sie anschließend 10 Minuten.","1. Déplacez le cadre vers un endroit avec un signal Wi-Fi plus fort.
2. Réinitialiser le Wi-Fi.
- Accédez à Réglages → Wi-Fi.
- Touchez l’icône à trois points en haut à droite.
- Sélectionnez « Réinitialiser le Wi-Fi ».
3. Redémarrez tous les équipements réseau (tels que le modem, le routeur et les points d’accès), ainsi que le cadre, puis attendez 10 minutes.","1. Verplaats de fotolijst naar een locatie met een sterker Wi-Fi-signaal.
2. Wi-Fi resetten.
- Ga naar Instellingen → Wi-Fi.
- Tik op het pictogram met de drie puntjes rechtsboven.
- Selecteer ""Wi-Fi resetten"".
3. Herstart alle netwerkapparatuur (zoals modem, router en toegangspunten) en de fotolijst, en wacht vervolgens 10 minuten.","1. Sposta la cornice in una posizione con un segnale Wi-Fi più forte.
2. Reimposta il Wi-Fi.
- Vai su Impostazioni → Wi-Fi.
- Tocca l’icona con i tre punti in alto a destra.
- Seleziona ""Reimposta Wi-Fi"".
3. Riavvia tutti i dispositivi di rete (come modem, router e punti di accesso), insieme alla cornice, quindi attendi 10 minuti.","1. Mueve el marco a un lugar con una señal Wi-Fi más fuerte.
2. Restablecer Wi-Fi.
- Ve a Ajustes → Wi-Fi.
- Toca el icono de tres puntos en la esquina superior derecha.
- Selecciona ""Restablecer Wi-Fi"".
3. Reinicia todos los equipos de red (como el módem, el router y los puntos de acceso), junto con el marco, y espera 10 minutos.","1. Mova a moldura para um local com um sinal Wi-Fi mais forte.
2. Redefinir Wi-Fi.
- Vá a Definições → Wi-Fi.
- Toque no ícone de três pontos no canto superior direito.
- Selecione ""Redefinir Wi-Fi"".
3. Reinicie todos os dispositivos de rede (como modem, router e pontos de acesso), juntamente com a moldura, e aguarde 10 minutos.","1. Переместите фоторамку в место с более сильным сигналом Wi-Fi.
2. Сбросьте Wi-Fi.
- Перейдите в Настройки → Wi-Fi.
- Нажмите значок с тремя точками в правом верхнем углу.
- Выберите «Сбросить Wi-Fi».
3. Перезагрузите все сетевые устройства (например, модем, роутер и точки доступа), а также фоторамку, затем подождите 10 минут.","1. Przenieś ramkę w miejsce z silniejszym sygnałem Wi-Fi.
2. Zresetuj Wi-Fi.
- Przejdź do Ustawienia → Wi-Fi.
- Dotknij ikony z trzema kropkami w prawym górnym rogu.
- Wybierz „Zresetuj Wi-Fi”.
3. Uruchom ponownie wszystkie urządzenia sieciowe (takie jak modem, router i punkty dostępu), a także ramkę, a następnie odczekaj 10 minut.","1. フレームを Wi-Fi の電波がより強い場所に移動してください。
2. Wi-Fi をリセットします。
- 「設定」→「Wi-Fi」に移動します。
- 右上の三点アイコンをタップします。
- 「Wi-Fi をリセット」を選択します。
3. モデム、ルーター、アクセスポイントなどのすべてのネットワーク機器とフレームを再起動し、その後 10 分間お待ちください。","1、將相框移動到 Wi-Fi 訊號更強的位置。
2、重置 Wi-Fi。
- 進入「設定」→「Wi-Fi」
- 點擊右上角的三點圖示
- 選擇「重置 Wi-Fi」
3、重新啟動所有網路設備（例如調製解調器、路由器、無線接入點）以及相框，並等待 10 分鐘。","1. 프레임을 Wi-Fi 신호가 더 강한 위치로 옮기세요.
2. Wi-Fi를 재설정하세요.
- 설정 → Wi-Fi로 이동합니다.
- 오른쪽 상단의 점 세 개 아이콘을 누릅니다.
- ""Wi-Fi 재설정""을 선택합니다.
3. 모뎀, 라우터, 무선 액세스 포인트 등 모든 네트워크 장비와 프레임을 재시작한 후, 10분 정도 기다려 주세요.",,,,,,,
,,,,,,,,,,,,,,,,,,,
4、更多支持信息，请访问：www.pexar.com/support,"4. For more information and support, visit www.pexar.com/support",4. Weitere Informationen und Support finden Sie unter www.pexar.com/support,"4. Pour plus d’informations et d’assistance, consultez www.pexar.com/support",4. Ga voor meer informatie en ondersteuning naar www.pexar.com/support,"4. Per maggiori informazioni e supporto, visita www.pexar.com/support","4. Para más información y soporte, visite www.pexar.com/support","4. Para mais informações e suporte, aceda a www.pexar.com/support",4. Дополнительная информация и поддержка: www.pexar.com/support,4. Więcej informacji i wsparcie znajdziesz na stronie www.pexar.com/support,4. 詳しい情報やサポートについては、www.pexar.com/support をご覧ください,4、更多支援資訊，請前往：www.pexar.com/support,4. 추가 지원 및 정보는 www.pexar.com/support에서 확인하세요,,,,,,,
,,,,,,,,,,,,,,,,,,,
,,,,,,,,,,,,,,,,,,,
,,,,,,,,,,,,,,,,,,,
,,,,,,,,,,,,,,,,,,,
封底：认证+售后信息+warning,,,,,,,,,,,,,,,,,,,
售后信息，格式参考Lexar,,,,,,,,,,,,,,,,,,,
重要安全说明,Important Safety Instructions,Wichtige Sicherheitshinweise,Consignes de sécurité importantes,Belangrijke veiligheidsvoorschriften,Istruzioni importanti sulla sicurezza,Instrucciones de seguridad importantes,Instruções importantes de segurança,Важные меры предосторожности,Ważne zalecenia dotyczące bezpieczeństwa,重要な安全上の注意,重要安全說明,중요 안전 지침,,,,,,,
1.工作温度应介于 0°C 至 40°C（32°F 至 104°F）,1. Operating temperature should be between 0°C and 40°C (32°F and 104°F).,1.Die Betriebstemperatur sollte zwischen 0 °C und 40 °C liegen.,1. La température de fonctionnement doit être comprise entre 0 °C et 40 °C / 32 °F et 104 °F.,1. De bedrijfstemperatuur moet tussen 0°C en 40°C (32°F en 104°F) liggen.,1. La temperatura di esercizio deve essere compresa tra 0 °C e 40 °C.,1. La temperatura de funcionamiento debe estar entre 0 °C y 40 °C (32 °F y 104 °F).,1. A temperatura de operação deve estar entre 0°C e 40°C (32°F e 104°F).,1. Рабочая температура должна быть в диапазоне от 0°C до 40°C (от 32°F до 104°F).,1. Temperatura pracy powinna wynosić od 0°C do 40°C (32°F do 104°F).,1. 動作温度は 0°C から 40°C（32°F から 104°F）の間である必要があります。,1. 工作溫度應介於 0°C 至 40°C（32°F 至 104°F）,1. 작동 온도는 0°C에서 40°C(32°F에서 104°F) 사이여야 합니다.,,,,,,,
2.请使用本产品随附的电源适配器，使用非本产品配套的电源适配器可能会导致火灾或人员受伤风险。,2. Please use the power adapter provided with this product. Using an unsupported power adapter may cause a risk of fire or injury.,2.Bitte verwenden Sie das mit diesem Produkt gelieferte autorisierte Netzteil. Die Verwendung eines nicht autorisierten Netzteils kann Brandgefahr oder Verletzungsgefahr verursachen.,2.Veuillez utiliser l'adaptateur secteur autorisé fourni avec ce produit. L'utilisation d'un adaptateur secteur non autorisé peut entraîner un risque d'incendie ou de blessure.,2. Gebruik de geautoriseerde voedingsadapter die bij dit product wordt geleverd. Het gebruik van een niet-geautoriseerde voedingsadapter kan brandgevaar of letsel veroorzaken.,2.Utilizzare l'adattatore di alimentazione autorizzato fornito con questo prodotto. L'uso di un adattatore di alimentazione non autorizzato può causare un rischio di incendio o di lesioni.,2.Utilice el adaptador de corriente autorizado que viene con este producto. El uso de un adaptador de corriente no autorizado puede causar riesgo de incendio o lesiones.,2. Utilize o adaptador de energia autorizado fornecido com este produto. O uso de um adaptador não autorizado pode representar risco de incêndio ou lesões.,"2. Используйте только сертифицированный адаптер питания, поставляемый с данным устройством. Использование несертифицированного адаптера может привести к риску пожара или травм.",2. Używaj tylko autoryzowanego zasilacza dostarczonego z tym produktem. Korzystanie z nieautoryzowanego zasilacza może spowodować ryzyko pożaru lub obrażeń.,2. 本製品に付属の電源アダプターをご使用ください。付属品以外の電源アダプターを使用すると、火災やけがのリスクが生じる可能性があります。,2. 請使用本產品配套的電源適配器，使用非本產品配套的電源適配器可能會導致火災或人員受傷風險。,2. 본 제품에 제공된 정품 전원 어댑터를 사용하세요. 정품이 아닌 어댑터를 사용할 경우 화재나 부상의 위험이 있을 수 있습니다.,,,,,,,
3.请勿自行拆卸产品。本产品如需服务或维修，请联系官方售后服务，自行拆卸后重新组装不正确可能会导致火灾或人员受伤风险。,"3.Do not disassemble the product yourself. For service or repair, please contact authorized after-sales service. Incorrect reassembly may cause a risk of fire or injury.",3.Bitte zerlegen Sie das Produkt nicht selbst. Wenden Sie sich für Service oder Reparatur bitte an den autorisierten Kundendienst. Ein falscher Zusammenbau kann Brandgefahr oder Verletzungsgefahr verursachen.,"3.Ne démontez pas le produit vous-même. Pour tout service ou réparation, veuillez contacter le service après-vente autorisé. Un remontage incorrect peut entraîner un risque d'incendie ou de blessure.",3. Demonteer het product niet zelf. Neem voor service of reparatie contact op met de geautoriseerde klantenservice. Onjuiste herassemblage kan brandgevaar of letsel veroorzaken.,"3.Non smontare il prodotto da soli. Per assistenza o riparazione, contattare l'assistenza post-vendita autorizzata. Un riassemblaggio scorretto può causare un rischio di incendio o di lesioni.","3.No desmonte el producto usted mismo. Para servicio o reparación, contacte con el servicio postventa autorizado. Un reensamblaje incorrecto puede causar riesgo de incendio o lesiones.","3. Não desmonte o produto por conta própria. Para manutenção ou reparo, entre em contato com o serviço pós-venda autorizado. A remontagem incorreta pode representar risco de incêndio ou ferimentos.",3. Не разбирайте продукт самостоятельно. Для обслуживания или ремонта обратитесь в авторизованный сервисный центр. Неправильная повторная сборка может привести к риску возгорания или травм.,3. Nie demontuj produktu samodzielnie. W celu serwisu lub naprawy skontaktuj się z autoryzowanym serwisem. Nieprawidłowy montaż po ponownym złożeniu może spowodować ryzyko pożaru lub obrażeń.,3. 製品を自分で分解しないでください。修理やメンテナンスが必要な場合は、認定されたアフターサービスにお問い合わせください。誤った再組み立ては、火災やけがのリスクを引き起こす可能性があります。,3. 請勿自行拆卸產品。本產品如需服務或維修，請聯繫官方售後服務，自行拆卸後重新組裝不正確可能會導致火災或人員受傷風險。,"3. 제품을 임의로 분해하지 마세요. 서비스나 수리가 필요한 경우, 공식 A/S 센터에 문의해 주세요. 임의로 분해 후 잘못 조립할 경우 화재나 부상의 위험이 있습니다.",,,,,,,
4.使用不当、摔落或过度用力可能会导致本产品损坏。,"4. Improper use, dropping, or excessive force may cause damage to this product.","4. Unsachgemäße Verwendung, Herunterfallen oder übermäßige Krafteinwirkung können das Produkt beschädigen.","4. Une utilisation inappropriée, une chute ou une force excessive peuvent endommager le produit.","4. Onoordeelkundig gebruik, vallen of overmatige kracht kan het product beschadigen.","4. L'uso improprio, le cadute o un uso eccessivo della forza possono danneggiare il prodotto.","4.El uso inadecuado, las caídas o una fuerza excesiva pueden dañar este producto.","4. O uso inadequado, quedas ou força excessiva podem danificar este produto.","4. Неправильное использование, падение или чрезмерное усилие могут повредить этот продукт.","4. Niewłaściwe użytkowanie, upuszczenie lub nadmierna siła mogą uszkodzić ten produkt.",4. 不適切な使用、落下、または過度な力が製品を損傷する可能性があります。,4. 使用不當、摔落或過度用力可能會導致本產品損壞。,"4. 부적절한 사용, 낙하 또는 과도한 힘은 제품 손상의 원인이 될 수 있습니다.",,,,,,,
5.请勿接触液体。请远离饮料、雨水等，湿气可能会产生电击风险。,"5.Keep away from liquids. Avoid contact with beverages, rainwater, etc., as moisture may cause an electric shock risk.","5.Von Flüssigkeiten fernhalten. Vermeiden Sie den Kontakt mit Getränken, Regenwasser usw., da Feuchtigkeit zu Stromschlägen führen kann.","5.Tenir à l'écart des liquides. Évitez tout contact avec des boissons, de l'eau de pluie, etc., car l'humidité peut présenter un risque d'électrocution.","5. Houd het product uit de buurt van vloeistoffen. Vermijd contact met drankjes, regenwater, enz., aangezien vocht een risico op elektrische schokken kan veroorzaken.","5.Mantenere lontano dai liquidi. Evitare il contatto con bevande, acqua piovana, ecc, dato che l’umidità può causare un rischio di scossa elettrica.","5.Mantener alejado de líquidos. Evite el contacto con bebidas, agua de lluvia, etc., ya que la humedad puede suponer un riesgo de descarga eléctrica.","5. Mantenha afastado de líquidos. Evite o contato com bebidas, água da chuva, etc., pois a umidade pode causar risco de choque elétrico.","5. Держите продукт вдали от жидкостей. Избегайте контакта с напитками, дождевой водой и т. д., так как влага может привести к риску поражения электрическим током.","5. Trzymaj produkt z dala od cieczy. Unikaj kontaktu z napojami, deszczówką itp., ponieważ wilgoć może powodować ryzyko porażenia prądem.",5. 液体に触れないでください。飲み物、雨水などの接触を避けてください。湿気は感電のリスクを引き起こす可能性があります。,5. 請勿接觸液體。請遠離飲料、雨水等，濕氣可能會產生電擊風險。,"5. 액체와의 접촉을 피하세요. 음료, 빗물 등과의 접촉을 피하고, 습기로 인해 감전 위험이 발생할 수 있습니다.",,,,,,,
6.不要在产品附近放置明火源（例如蜡烛）。避免将产品置于高温或火中。,"6.Keep the product away from open flames (e.g., candles). Avoid placing the product in high temperatures or fire.","6.Halten Sie das Produkt von offenem Feuer (z.B. Kerzen) fern. Vermeiden Sie, das Produkt hohen Temperaturen oder Feuer auszusetzen.","6.Tenez le produit à l'écart des flammes nues (par exemple, des bougies). Évitez d'exposer le produit à des températures élevées ou au feu.",6. Houd het product uit de buurt van open vuur (bijv. kaarsen). Vermijd blootstelling van het product aan hoge temperaturen of vuur.,6.Mantenere il prodotto lontano da fiamme libere (per esempio candele). Evitare di esporre il prodotto a temperature elevate o al fuoco.,"6.Mantenga el producto alejado de llamas vivas (por ejemplo, velas). Evite exponer el producto a altas temperaturas o fuego.",6. Mantenha o produto afastado de chamas abertas (ex.: velas). Evite expor o produto a altas temperaturas ou ao fogo.,"6. Держите продукт вдали от открытого огня (например, свечей). Избегайте воздействия высоких температур или огня.",6. Trzymaj produkt z dala od otwartego ognia (np. świece). Unikaj narażania produktu na wysokie temperatury lub ogień.,6. 製品を裸火（例：ろうそく）の近くに置かないでください。製品を高温や火にさらさないでください。,6. 不要在產品附近放置明火源（例如蠟燭）。避免將產品置於高溫或火中。,6. 제품 근처에 촛불과 같은 화기를 두지 마세요. 제품을 고온이나 불 가까이에 두는 것을 피하세요.,,,,,,,
7.医疗设备干扰风险。产品本体及支架包含有磁体。这些磁体可能干扰医疗设备，例如植入耳蜗、助听器、心脏起搏器、除颤器或其他医疗设备。请咨询您的医师和医疗设备制造商以获得您医疗设备的特定信息，如果怀疑本产品正在干扰您的医疗设备，请停止使用。,"7.Risk of interference with medical equipment. The product body and stand contain magnets. These magnets may interfere with medical equipment such as cochlear implants, hearing aids, pacemakers, defibrillators, or other medical devices. Please consult your physician and the manufacturer of your medical equipment for specific information about your medical device. If you suspect that this product is interfering with your medical device, stop using it.","7.Risiko der Interferenz mit medizinischen Geräten. Der Produktkörper und der Ständer enthalten Magnete. Diese Magnete können medizinische Geräte wie Cochlea-Implantate, Hörgeräte, Herzschrittmacher, Defibrillatoren oder andere medizinische Geräte stören. Bitte konsultieren Sie Ihren Arzt und den Hersteller Ihrer medizinischen Geräte, um spezifische Informationen über Ihr medizinisches Gerät zu erhalten. Wenn Sie vermuten, dass dieses Produkt Ihr medizinisches Gerät stört, stellen Sie die Verwendung ein.","7.Risque d'interférence avec les équipements médicaux. Le corps du produit et le support contiennent des aimants. Ces aimants peuvent interférer avec les équipements médicaux tels que les implants cochléaires, les aides auditives, les stimulateurs cardiaques, les défibrillateurs ou d'autres dispositifs médicaux. Veuillez consulter votre médecin et le fabricant de votre équipement médical pour obtenir des informations spécifiques sur votre dispositif médical. Si vous pensez que ce produit interfère avec votre équipement médical, cessez de l'utiliser.","7. Risico op interferentie met medische apparatuur. De behuizing en standaard van het product bevatten magneten. Deze magneten kunnen interfereren met medische apparaten zoals cochleaire implantaten, gehoorapparaten, pacemakers, defibrillatoren of andere medische apparatuur. Raadpleeg uw arts en de fabrikant van uw medische apparatuur voor specifieke informatie. Als u vermoedt dat dit product interferentie veroorzaakt, stop dan met het gebruik ervan.","7.Rischio di interferenze con dispositivi medici. Il corpo del prodotto e il supporto contengono magneti. Questi magneti possono interferire con dispositivi medici come impianti cocleari, apparecchi acustici, pacemaker, defibrillatori o altri dispositivi medici. Consultare il proprio medico e il produttore del dispositivo medico per informazioni specifiche sul proprio dispositivo medico. Se si sospetta che questo prodotto interferisca con il proprio dispositivo medico, interrompere l'uso.","7.Riesgo de interferencia con equipos médicos. El cuerpo del producto y el soporte contienen imanes. Estos imanes pueden interferir con equipos médicos como implantes cocleares, audífonos, marcapasos, desfibriladores u otros dispositivos médicos. Consulte a su médico y al fabricante de su equipo médico para obtener información específica sobre su dispositivo médico. Si sospecha que este producto está interfiriendo con su equipo médico, deje de usarlo.","7. Risco de interferência com equipamentos médicos. O corpo do produto e o suporte contêm ímãs. Esses ímãs podem interferir em equipamentos médicos como implantes cocleares, aparelhos auditivos, marcapassos, desfibriladores ou outros dispositivos médicos. Consulte seu médico e o fabricante do equipamento médico para obter informações específicas. Se suspeitar que este produto está interferindo no seu dispositivo médico, pare de usá-lo.","7. Риск помех для медицинского оборудования. Корпус и подставка продукта содержат магниты. Эти магниты могут создавать помехи для медицинских устройств, таких как кохлеарные имплантаты, слуховые аппараты, кардиостимуляторы, дефибрилляторы и другие медицинские устройства. Проконсультируйтесь с врачом и производителем медицинского оборудования для получения конкретной информации. Если вы подозреваете, что этот продукт создает помехи вашему медицинскому устройству, прекратите его использование.","7. Ryzyko zakłóceń w działaniu urządzeń medycznych. Obudowa produktu i jego stojak zawierają magnesy. Magnesy te mogą zakłócać działanie urządzeń medycznych, takich jak implanty ślimakowe, aparaty słuchowe, rozruszniki serca, defibrylatory lub inne urządzenia medyczne. Skonsultuj się z lekarzem i producentem swojego urządzenia medycznego w celu uzyskania szczegółowych informacji. Jeśli podejrzewasz, że ten produkt zakłóca działanie Twojego urządzenia medycznego, zaprzestań jego używania.",7. 医療機器への干渉のリスク。本製品の本体およびスタンドには磁石が含まれています。これらの磁石は、人工内耳、補聴器、ペースメーカー、除細動器、その他の医療機器に干渉する可能性があります。医療機器の詳細情報については、医師および医療機器メーカーに相談してください。本製品が医療機器に干渉している疑いがある場合は、使用を中止してください。,7. 醫療設備干擾風險。產品本體及支架包含有磁體。這些磁體可能干擾醫療設備，例如植入耳蝸、助聽器、心臟起搏器、除顫器或其他醫療設備。請諮詢您的醫師和醫療設備製造商以獲得您醫療設備的特定信息，如果懷疑本產品正在干擾您的醫療設備，請停止使用。,"7. 의료 기기 간섭 위험. 본 제품 본체와 스탠드에는 자석이 포함되어 있으며, 이 자석은 인공 와우, 보청기, 심장 박동기, 제세동기 등 의료 기기에 간섭을 일으킬 수 있습니다. 사용 중인 의료 기기에 대한 자세한 사항은 담당 의사나 의료 기기 제조업체에 문의하시기 바랍니다. 본 제품이 의료 기기에 영향을 주는 것으로 의심되는 경우 즉시 사용을 중단하십시오.",,,,,,,
8. 本产品仅限家庭使用。相框不设置访问密码。相框屏幕上显示的照片和视频可以被位于相框旁边的人员看到。,8. Intended for home use only. The frame does not require a password. Photos and videos shown on the screen can be viewed by people next to the frame.,8. Nur für den Heimgebrauch bestimmt. Der Rahmen benötigt kein Passwort. Fotos und Videos auf dem Bildschirm können von Personen neben dem Rahmen gesehen werden.,8. Destiné uniquement à un usage domestique. Le cadre ne nécessite pas de mot de passe. Les photos et vidéos affichées à l’écran peuvent être vues par les personnes à côté du cadre.,8. Uitsluitend bedoeld voor thuisgebruik. De fotolijst vereist geen wachtwoord. Foto’s en video’s op het scherm kunnen worden gezien door mensen naast de fotolijst.,8. Destinato esclusivamente all’uso domestico. La cornice non richiede una password. Le foto e i video mostrati sullo schermo possono essere visti da persone che si trovano accanto alla cornice.,8. Destinado únicamente para uso doméstico. El marco no requiere contraseña. Las fotos y vídeos mostrados en la pantalla pueden ser vistos por personas junto al marco.,8. Destinado exclusivamente ao uso doméstico. A moldura não requer uma palavra-passe. As fotos e os vídeos no ecrã podem ser vistos por pessoas ao lado da moldura.,8. Предназначено только для домашнего использования. Рамка не требует пароля. Фотографии и видео на экране могут видеть люди рядом с рамкой.,8. Przeznaczone wyłącznie do użytku domowego. Ramka nie wymaga hasła. Zdjęcia i filmy wyświetlane na ekranie mogą być widziane przez osoby obok ramki.,8. 本製品は家庭用としてのみ設計されています。フレームにパスワードはありません。画面に表示される写真や動画は、フレームのそばにいる人が見ることができます。,8. 本產品僅限家庭使用。相框不設置存取密碼。相框螢幕上顯示的照片和影片可以被位於相框旁邊的人員看到。,8. 본 제품은 가정용으로 설계되었습니다. 프레임에는 비밀번호가 없습니다. 화면에 표시되는 사진과 동영상은 프레임 옆에 있는 사람이 볼 수 있습니다.,,,,,,,
,,,,,,,,,,,,,,,,,,,
如有任何问题，请通过邮件联系我们：support@pexar.com,Email us with any questions at support@pexar.com,Kontaktieren Sie uns bei Fragen per E-Mail unter support@pexar.com,"Pour toute question, contactez-nous par e-mail à support@pexar.com",Neem bij vragen contact met ons op via e-mail: support@pexar.com,"Per qualsiasi domanda, contattaci via e-mail a support@pexar.com","Para cualquier consulta, contáctenos por correo electrónico a support@pexar.com","Para qualquer dúvida, entre em contato por e-mail: support@pexar.com",По любым вопросам обращайтесь по электронной почте: support@pexar.com,W razie pytań prosimy o kontakt mailowy: support@pexar.com,ご質問がございましたら、メールでお問い合わせください：support@pexar.com,如有任何問題，請電郵聯繫我們：support@pexar.com,문의 사항이 있으시면 support@pexar.com 으로 이메일을 보내주시기 바랍니다.,,,,,,,
,,,,,,,,,,,,,,,,,,,
"pexar 数码相框
PX-125","pexar Digital Picture Frame
PX-125",,,,,,,,,"pexar デジタルフォトフレーム
PX-125","pexar 數位相框
PX-125",,,,,,,,
,,,,,,,,,,,"[使用過度恐傷害視力]
注意事項:
1. 使用30分鐘請休息10分鐘
2. 未满2歲幼兒不看螢幕,2歲以上每天看螢幕不要超過1小時。",,,,,,,,
封底,,,,,,,,,,,,,,,,,,,
支持网址：https://pexar.com/pages/support-center,,,,,,,,,,,,,,,,,,,